Workbook

Sheet Backlog
A1: ID | B1: Epic | C1: Hạng mục | D1: Luồng | E1: Ước lượng (ngày) | F1: Phụ thuộc | G1: Tuần | H1: Ưu tiên
A2: E1.1 | B2: E1 | C2: Repo, cấu trúc monolith, lint, biến môi trường | D2: Backend | E2: 1.5 | F2: - | G2: 1 | H2: P0
A3: E1.2 | B3: E1 | C3: Docker Compose: Postgres+PostGIS, Redis | D3: Backend | E3: 1.5 | F3: - | G3: 1 | H3: P0
A4: E1.3 | B4: E1 | C4: CI/CD GitHub Actions (build, test, deploy) | D4: Backend | E4: 2 | F4: E1.1 | G4: 1-2 | H4: P0
A5: E1.4 | B5: E1 | C5: Hạ tầng VPS + Postgres managed + domain/SSL | D5: Backend | E5: 3 | F5: - | G5: 1-2 | H5: P0
A6: E2.1 | B6: E2 | C6: Tích hợp OTP (Firebase Auth hoặc eSMS) | D6: Backend | E6: 3 | F6: E1 | G6: 2 | H6: P0
A7: E2.2 | B7: E2 | C7: API đăng ký/đăng nhập, JWT, roles[] | D7: Backend | E7: 3 | F7: E2.1 | G7: 2-3 | H7: P0
A8: E2.3 | B8: E2 | C8: Hồ sơ người dùng + upload avatar | D8: Backend | E8: 2 | F8: E2.2 | G8: 3 | H8: P0
A9: E2.4 | B9: E2 | C9: KYC tài xế cơ bản (upload giấy tờ, trạng thái) | D9: Backend | E9: 2 | F9: E2.2 | G9: 3 | H9: P1
A10: E3.1 | B10: E3 | C10: Áp schema + migrations | D10: Backend | E10: 2 | F10: E1 | G10: 2 | H10: P0
A11: E3.2 | B11: E3 | C11: API Vehicles (CRUD) | D11: Backend | E11: 2 | F11: E3.1 | G11: 3 | H11: P0
A12: E3.3 | B12: E3 | C12: API Rides + gọi Goong Directions lưu route | D12: Backend | E12: 4 | F12: E3.1 | G12: 3-4 | H12: P0
A13: E3.4 | B13: E3 | C13: API Bookings + ràng buộc ghế | D13: Backend | E13: 4 | F13: E3.3 | G13: 4 | H13: P0
... A50: E12.3 | B50: E12 | C50: Pilot tuyến Vinh–Hà Nội (vận hành thật) | D50: QA | E50: 4 | F50: E12.2 | G50: 12 | H50: P0
D51: TỔNG | E51: =SUM(E2:E50) -> 155

Sheet Tổng quan
A1: Epic | B1: Tên | C1: Số ngày | D1: Tỷ trọng
A2: E1 | B2: Nền tảng & DevOps | C2: =SUMIF(Backlog!B:B,A2,Backlog!E:E) -> 8 | D2: =C2/$C$14 -> 0.051612903
A3: E2 | B3: Auth & hồ sơ | C3: =SUMIF(Backlog!B:B,A3,Backlog!E:E) -> 10 | D3: =C3/$C$14 -> 0.064516129
A4: E3 | B4: Backend cốt lõi | C4: =SUMIF(Backlog!B:B,A4,Backlog!E:E) -> 14 | D4: =C4/$C$14 -> 0.090322581
A5: E4 | B5: Engine ghép | C5: =SUMIF(Backlog!B:B,A5,Backlog!E:E) -> 15 | D5: =C5/$C$14 -> 0.096774194
A6: E5 | B6: Real-time & GPS | C6: =SUMIF(Backlog!B:B,A6,Backlog!E:E) -> 12 | D6: =C6/$C$14 -> 0.077419355
A7: E6 | B7: App Hành khách | C7: =SUMIF(Backlog!B:B,A7,Backlog!E:E) -> 25 | D7: =C7/$C$14 -> 0.16129032
A8: E7 | B8: App Tài xế | C8: =SUMIF(Backlog!B:B,A8,Backlog!E:E) -> 22 | D8: =C8/$C$14 -> 0.14193548
A9: E8 | B9: Bàn điều phối | C9: =SUMIF(Backlog!B:B,A9,Backlog!E:E) -> 20 | D9: =C9/$C$14 -> 0.12903226
A10: E9 | B10: Thông báo | C10: =SUMIF(Backlog!B:B,A10,Backlog!E:E) -> 6 | D10: =C10/$C$14 -> 0.038709677
A11: E10 | B11: Chat in-app | C11: =SUMIF(Backlog!B:B,A11,Backlog!E:E) -> 5 | D11: =C11/$C$14 -> 0.032258065
A12: E11 | B12: Thanh toán & đối soát | C12: =SUMIF(Backlog!B:B,A12,Backlog!E:E) -> 6 | D12: =C12/$C$14 -> 0.038709677
A13: E12 | B13: QA / UAT / Pilot | C13: =SUMIF(Backlog!B:B,A13,Backlog!E:E) -> 12 | D13: =C13/$C$14 -> 0.077419355
B14: Tổng ngày công | C14: =SUM(C2:C13) -> 155
B15: Buffer 25% | C15: =C14*0.25 -> 38.75
B16: Tổng có buffer | C16: =C14+C15 -> 193.75
A18: • Giả định: 1 ngày công = 1 người làm 1 ngày.
A19: • Team khuyến nghị: 2 Backend, 1-2 Mobile, 1 Frontend, QA/PM chia sẻ → ~12 tuần.
A20: • Đường găng: Backend cốt lõi → Engine ghép → Real-time (mọi thứ chờ API).
A21: • Ước lượng trung tính, chưa gồm buffer ở cột trên; cộng buffer khi cam kết deadline.
